n_reads,mode,python_time,python_reads_per_sec,rust_time,rust_reads_per_sec,speedup,python_matches,rust_matches
10000,motif,0.00957489013671875,1044398.406374502,0.01609015464782715,621498.0662942493,0.5950775704950583,7576,7576
100000,motif,0.10462498664855957,955794.6261527839,0.06574821472167969,1520953.845261234,1.5912977575353195,75816,75816
1000000,motif,0.9083330631256104,1100917.7586897037,0.5962228775024414,1677225.141358158,1.5234790502011404,759538,759538
10000,hairpin,0.012143850326538086,823462.0594875822,0.019351720809936523,516749.9106779849,0.6275333571525373,8220,8220
100000,hairpin,0.12011599540710449,832528.5875629958,0.08995795249938965,1111630.4586932266,1.3352459907079306,82534,82534
1000000,hairpin,1.1982531547546387,834548.1887796622,0.6528263092041016,1531801.010316447,1.8354853930680255,824802,824802
